timestamp,run_id,phase,model,config_hash,dataset,split,seed,epochs,imgsz,batch,num_images,map50,map50_95,ap_D00,ap_D10,ap_D20,ap_D40,precision,recall,f1,latency_ms,fps,param_count,trainable_param_count,train_runtime_sec,eval_runtime_sec,hardware,weights_path,notes
2026-08-06T14:33:27,faster_rcnn_smoke,3a-smoke,faster_rcnn_resnet50_fpn,11122123f7a1,source_subset,test,42,1,640,4,100,0.0833,0.0274,0.1032,0.0062,0.179,0.0448,0.1776,0.1407,0.157,1115.88,0.9,,,992.3,184.21,"AMD64 Family 25 Model 80 Stepping 0, AuthenticAMD | CPU-only",experiments\runs\faster_rcnn_smoke\best.pt,PIPELINE SMOKE TEST - not a reportable result
2026-08-11T15:37:53,yolov8n_smoke,3a-smoke,yolov8n,e9109dfaef9b,source_subset,test,42,2,640,16,100,0.0283,0.0117,0.0,0.0,0.1133,0.0,0.0,0.0,0.0,17.83,56.1,3011628,0,45.3,22.95,x86_64 | CUDA:Tesla T4,experiments/runs/yolov8n_smoke/weights/best.pt,PIPELINE SMOKE TEST - not a reportable result
2026-08-12T09:57:45,yolov8n_smoke,3a-smoke,yolov8n,e9109dfaef9b,source_subset,test,42,2,640,16,100,0.0283,0.0117,0.0,0.0,0.1133,0.0,0.0,0.0,0.0,21.43,46.67,3011628,0,0.0,29.64,x86_64 | CUDA:Tesla T4,experiments/runs/yolov8n_smoke/weights/best.pt,PIPELINE SMOKE TEST - not a reportable result
2026-08-12T12:48:22,yolov8n_source,3a,yolov8n,d1896d8a6790,source,test,42,100,640,16,2732,0.494,0.2173,0.4222,0.4405,0.6416,0.4717,0.5959,0.471,0.5261,19.1,52.37,3011628,0,4645.2,652.81,x86_64 | CUDA:Tesla T4,experiments/runs/yolov8n_source/weights/best.pt,Phase 3a plain YOLOv8 baseline
2026-08-13T06:34:00,yolov8n_smoke,3a-smoke,yolov8n,e9109dfaef9b,source_subset,test,42,2,640,16,100,0.0283,0.0117,0.0,0.0,0.1133,0.0,0.0,0.0,0.0,15.29,65.4,3011628,0,0.0,29.12,x86_64 | CUDA:Tesla T4,experiments/runs/yolov8n_smoke/weights/best.pt,PIPELINE SMOKE TEST - not a reportable result
2026-08-19T04:33:21,yolov8n_smoke,3a-smoke,yolov8n,e9109dfaef9b,source_subset,test,42,2,640,16,100,0.0283,0.0117,0.0,0.0,0.1133,0.0,0.0,0.0,0.0,15.52,64.42,3011628,0,0.0,31.15,x86_64 | CUDA:Tesla T4,experiments/runs/yolov8n_smoke/weights/best.pt,PIPELINE SMOKE TEST - not a reportable result
2026-08-20T12:29:42,faster_rcnn_source,3a,faster_rcnn_resnet50_fpn,abcad4b3ba2b,source,test,42,12,640,4,2732,0.5068,0.2133,0.4562,0.4168,0.6693,0.4849,0.2766,0.717,0.3992,58.99,16.95,41367656,41367656,7250.0,6986.92,x86_64 | CUDA:Tesla T4,experiments/runs/faster_rcnn_source/best.pt,Phase 3a plain Faster R-CNN baseline
2026-08-29T14:46:51,yolov8n_smoke,3a-smoke,yolov8n,e9109dfaef9b,source_subset,test,42,2,640,16,100,0.0283,0.0117,0.0,0.0,0.1133,0.0,0.0,0.0,0.0,15.56,64.28,3011628,0,0.0,22.18,x86_64 | CUDA:Tesla T4,experiments/runs/yolov8n_smoke/weights/best.pt,PIPELINE SMOKE TEST - not a reportable result
2026-08-29T14:55:17,yolov8n_source,3a,yolov8n,d1896d8a6790,source,test,42,100,640,16,2732,0.494,0.2173,0.422,0.4405,0.6416,0.4717,0.5957,0.471,0.5261,16.47,60.71,3011628,0,0.0,449.86,x86_64 | CUDA:Tesla T4,experiments/runs/yolov8n_source/weights/best.pt,Phase 3a plain YOLOv8 baseline
2026-08-29T18:17:04,faster_rcnn_source,3a,faster_rcnn_resnet50_fpn,abcad4b3ba2b,source,test,42,12,640,4,2732,0.5068,0.2133,0.4562,0.4168,0.6693,0.4849,0.2766,0.717,0.3992,61.65,16.22,41367656,41367656,0.0,6660.63,x86_64 | CUDA:Tesla T4,experiments/runs/faster_rcnn_source/best.pt,Phase 3a plain Faster R-CNN baseline
2026-08-30T19:03:03,yolo_source_eval_on_source,4,yolov8n,d1896d8a6790,source,test,42,,,,2732,0.494,0.2173,0.4222,0.4405,0.6416,0.4717,0.5959,0.471,0.5261,,,3011628,0,,273.3,"AMD64 Family 25 Model 80 Stepping 0, AuthenticAMD | CPU-only",experiments\runs\yolov8n_source\weights\best.pt,Phase 4 zero-shot eval (in-domain) on source
2026-08-30T19:07:12,yolo_source_eval_on_czech,4,yolov8n,d1896d8a6790,czech,all,42,,,,2829,0.1394,0.0471,0.2209,0.1774,0.1362,0.0231,0.3525,0.1438,0.2043,,,3011628,0,,248.7,"AMD64 Family 25 Model 80 Stepping 0, AuthenticAMD | CPU-only",experiments\runs\yolov8n_source\weights\best.pt,Phase 4 zero-shot eval (zero-shot) on czech
2026-08-30T19:30:39,yolo_source_eval_on_norway,4,yolov8n,d1896d8a6790,norway,all,42,,,,8161,0.0587,0.023,0.1032,0.04,0.0802,0.0115,0.4091,0.0862,0.1424,,,3011628,0,,1406.6,"AMD64 Family 25 Model 80 Stepping 0, AuthenticAMD | CPU-only",experiments\runs\yolov8n_source\weights\best.pt,Phase 4 zero-shot eval (zero-shot) on norway
2026-08-30T19:39:47,yolo_source_eval_on_us,4,yolov8n,d1896d8a6790,us,all,42,,,,4805,0.3804,0.1987,0.5586,0.3971,0.5118,0.0541,0.4982,0.4954,0.4968,,,3011628,0,,547.6,"AMD64 Family 25 Model 80 Stepping 0, AuthenticAMD | CPU-only",experiments\runs\yolov8n_source\weights\best.pt,Phase 4 zero-shot eval (zero-shot) on us
2026-08-30T19:43:50,yolo_source_eval_on_china_drone,4,yolov8n,d1896d8a6790,china_drone,all,42,,,,2401,0.2107,0.0817,0.1174,0.3294,0.0897,0.3062,0.4334,0.1454,0.2177,,,3011628,0,,241.2,"AMD64 Family 25 Model 80 Stepping 0, AuthenticAMD | CPU-only",experiments\runs\yolov8n_source\weights\best.pt,Phase 4 zero-shot eval (zero-shot) on china_drone
2026-08-30T19:47:20,yolo_source_eval_on_china_motorbike,4,yolov8n,d1896d8a6790,china_motorbike,all,42,,,,1977,0.2102,0.0796,0.1571,0.2531,0.3909,0.0397,0.4411,0.1497,0.2235,,,3011628,0,,210.3,"AMD64 Family 25 Model 80 Stepping 0, AuthenticAMD | CPU-only",experiments\runs\yolov8n_source\weights\best.pt,Phase 4 zero-shot eval (zero-shot) on china_motorbike
2026-08-30T20:34:45,faster_rcnn_source_eval_on_source,4,faster_rcnn_resnet50_fpn,abcad4b3ba2b,source,test,42,,,,2732,0.5068,0.2133,0.4562,0.4168,0.6693,0.4849,0.2766,0.717,0.3992,,,41367656,41367656,,2788.7,"AMD64 Family 25 Model 80 Stepping 0, AuthenticAMD | CPU-only",experiments\runs\faster_rcnn_source\best.pt,Phase 4 zero-shot eval (in-domain) on source
2026-08-30T21:23:53,faster_rcnn_source_eval_on_czech,4,faster_rcnn_resnet50_fpn,abcad4b3ba2b,czech,all,42,,,,2829,0.1419,0.0447,0.2035,0.1904,0.1351,0.0386,0.1201,0.2785,0.1678,,,41367656,41367656,,2948.2,"AMD64 Family 25 Model 80 Stepping 0, AuthenticAMD | CPU-only",experiments\runs\faster_rcnn_source\best.pt,Phase 4 zero-shot eval (zero-shot) on czech
2026-08-30T21:54:18,yolov8n_ablation_augment-off,5-smoke,yolov8n,06f858bc67f4,source_subset,test,42,2,640,16,100,0.0284,0.0112,0.0011,0.0,0.1123,0.0,0.0,0.0,0.0,98.1,10.19,3011628,0,314.2,11.62,"AMD64 Family 25 Model 80 Stepping 0, AuthenticAMD | CPU-only",experiments\runs\yolov8n_ablation_augment-off\weights\best.pt,PIPELINE SMOKE TEST - not a reportable result
2026-08-30T21:57:28,yolov8n_ablation_resolution-416,5-smoke,yolov8n,b3fc778f347f,source_subset,test,42,2,416,16,100,0.0018,0.0005,0.0002,0.0,0.0071,0.0,0.0,0.0,0.0,100.01,10.0,3011628,0,156.1,11.76,"AMD64 Family 25 Model 80 Stepping 0, AuthenticAMD | CPU-only",experiments\runs\yolov8n_ablation_resolution-416\weights\best.pt,PIPELINE SMOKE TEST - not a reportable result
2026-08-31T07:29:49,faster_rcnn_source_eval_on_norway,4,faster_rcnn_resnet50_fpn,abcad4b3ba2b,norway,all,42,,,,250,0.0456,0.018,0.0479,0.0095,0.1249,0.0,0.1736,0.0571,0.0859,,,41367656,41367656,,68.3,x86_64 | CUDA:Tesla T4,experiments/runs/faster_rcnn_source/best.pt,"Phase 4 zero-shot eval (zero-shot) on norway -- SEEDED RANDOM SUBSAMPLE of 250 images (seed=42), not the full set"
2026-08-31T07:30:06,faster_rcnn_source_eval_on_us,4,faster_rcnn_resnet50_fpn,abcad4b3ba2b,us,all,42,,,,250,0.3356,0.1506,0.5415,0.3721,0.3874,0.0415,0.3337,0.5904,0.4264,,,41367656,41367656,,16.9,x86_64 | CUDA:Tesla T4,experiments/runs/faster_rcnn_source/best.pt,"Phase 4 zero-shot eval (zero-shot) on us -- SEEDED RANDOM SUBSAMPLE of 250 images (seed=42), not the full set"
2026-08-31T07:30:23,faster_rcnn_source_eval_on_china_motorbike,4,faster_rcnn_resnet50_fpn,abcad4b3ba2b,china_motorbike,all,42,,,,250,0.2905,0.1054,0.2224,0.3682,0.4744,0.097,0.2598,0.4614,0.3325,,,41367656,41367656,,16.4,x86_64 | CUDA:Tesla T4,experiments/runs/faster_rcnn_source/best.pt,"Phase 4 zero-shot eval (zero-shot) on china_motorbike -- SEEDED RANDOM SUBSAMPLE of 250 images (seed=42), not the full set"
2026-08-31T07:44:02,faster_rcnn_source_eval_on_norway,4,faster_rcnn_resnet50_fpn,abcad4b3ba2b,norway,all,42,,,,1500,0.0329,0.0116,0.0604,0.0257,0.045,0.0005,0.1982,0.0814,0.1154,,,41367656,41367656,,388.5,x86_64 | CUDA:Tesla T4,experiments/runs/faster_rcnn_source/best.pt,"Phase 4 zero-shot eval (zero-shot) on norway -- SEEDED RANDOM SUBSAMPLE of 1500 images (seed=42), not the full set"
2026-08-31T07:45:43,faster_rcnn_source_eval_on_us,4,faster_rcnn_resnet50_fpn,abcad4b3ba2b,us,all,42,,,,1500,0.3549,0.1565,0.4987,0.3472,0.4679,0.1059,0.3311,0.5837,0.4225,,,41367656,41367656,,101.1,x86_64 | CUDA:Tesla T4,experiments/runs/faster_rcnn_source/best.pt,"Phase 4 zero-shot eval (zero-shot) on us -- SEEDED RANDOM SUBSAMPLE of 1500 images (seed=42), not the full set"
2026-08-31T07:47:23,faster_rcnn_source_eval_on_china_motorbike,4,faster_rcnn_resnet50_fpn,abcad4b3ba2b,china_motorbike,all,42,,,,1500,0.2698,0.1015,0.2138,0.3491,0.4814,0.0348,0.243,0.4463,0.3147,,,41367656,41367656,,99.8,x86_64 | CUDA:Tesla T4,experiments/runs/faster_rcnn_source/best.pt,"Phase 4 zero-shot eval (zero-shot) on china_motorbike -- SEEDED RANDOM SUBSAMPLE of 1500 images (seed=42), not the full set"
2026-08-31T12:25:31,yolov8n_ablation_resolution-960,5-smoke,yolov8n,de4d6bf5a6cc,source_subset,test,42,2,960,16,100,0.0106,0.0034,0.0001,0.0,0.0423,0.0,0.0,0.0,0.0,56.64,17.66,3011628,0,486.0,8.45,"AMD64 Family 25 Model 80 Stepping 0, AuthenticAMD | CPU-only",experiments\runs\yolov8n_ablation_resolution-960\weights\best.pt,PIPELINE SMOKE TEST - not a reportable result
2026-09-07T15:42:06,yolo26n_smoke,3a-smoke,yolo26n,826dbb522829,source_subset,test,42,2,640,8,100,0.0103,0.0026,0.0,0.0,0.0411,0.0,0.0,0.0,0.0,58.26,17.17,2505360,0,242.0,8.73,"AMD64 Family 25 Model 80 Stepping 0, AuthenticAMD | CPU-only",experiments\runs\yolo26n_smoke\weights\best.pt,PIPELINE SMOKE TEST - not a reportable result
2026-09-10T13:31:11,yolo26n_source,3a,yolo26n,8d3939078f40,source,test,42,100,640,8,2732,0.4859,0.2126,0.4128,0.4167,0.6492,0.4651,0.5945,0.4707,0.5254,21.8,45.87,2505360,0,3541.5,32.03,x86_64 | CUDA:Tesla T4,experiments/runs/yolo26n_source/weights/best.pt,Phase 3a plain YOLO26n baseline
2026-09-10T21:05:50,yolo26_source_eval_on_source,4-smoke,yolo26n,8d3939078f40,source,test,42,,,,30,0.3523,0.2111,0.1462,0.0,0.756,0.5071,0.4286,0.4286,0.4286,,,2505360,0,,7.1,"AMD64 Family 25 Model 80 Stepping 0, AuthenticAMD | CPU-only",experiments\runs\yolo26n_source\weights\best.pt,PIPELINE SMOKE TEST - not a reportable result
2026-09-10T21:05:53,yolo26_source_eval_on_czech,4-smoke,yolo26n,8d3939078f40,czech,all,42,,,,30,0.2078,0.0711,0.0741,0.2571,0.0,0.5,0.3333,0.0833,0.1333,,,2505360,0,,3.2,"AMD64 Family 25 Model 80 Stepping 0, AuthenticAMD | CPU-only",experiments\runs\yolo26n_source\weights\best.pt,PIPELINE SMOKE TEST - not a reportable result
2026-09-10T21:06:00,yolo26_source_eval_on_norway,4-smoke,yolo26n,8d3939078f40,norway,all,42,,,,30,0.1267,0.0658,0.0188,0.0,0.486,0.0018,0.3333,0.0435,0.0769,,,2505360,0,,6.3,"AMD64 Family 25 Model 80 Stepping 0, AuthenticAMD | CPU-only",experiments\runs\yolo26n_source\weights\best.pt,PIPELINE SMOKE TEST - not a reportable result
2026-09-10T21:06:03,yolo26_source_eval_on_us,4-smoke,yolo26n,8d3939078f40,us,all,42,,,,30,0.6243,0.3789,0.6653,0.4529,0.7548,0.0,0.5902,0.5,0.5414,,,2505360,0,,3.5,"AMD64 Family 25 Model 80 Stepping 0, AuthenticAMD | CPU-only",experiments\runs\yolo26n_source\weights\best.pt,PIPELINE SMOKE TEST - not a reportable result
2026-09-10T21:06:06,yolo26_source_eval_on_china_motorbike,4-smoke,yolo26n,8d3939078f40,china_motorbike,all,42,,,,30,0.1412,0.0412,0.0861,0.1701,0.2084,0.1,0.3571,0.0676,0.1136,,,2505360,0,,3.1,"AMD64 Family 25 Model 80 Stepping 0, AuthenticAMD | CPU-only",experiments\runs\yolo26n_source\weights\best.pt,PIPELINE SMOKE TEST - not a reportable result
2026-09-10T21:15:15,yolo26_source_eval_on_source,4,yolo26n,8d3939078f40,source,test,42,,,,2732,0.4859,0.2126,0.4128,0.4167,0.6492,0.4651,0.5945,0.4707,0.5254,,,2505360,0,,487.7,"AMD64 Family 25 Model 80 Stepping 0, AuthenticAMD | CPU-only",experiments\runs\yolo26n_source\weights\best.pt,Phase 4 zero-shot eval (in-domain) on source
2026-09-10T21:23:49,yolo26_source_eval_on_czech,4,yolo26n,8d3939078f40,czech,all,42,,,,2829,0.1438,0.0508,0.211,0.1862,0.1456,0.0325,0.378,0.1181,0.1799,,,2505360,0,,513.4,"AMD64 Family 25 Model 80 Stepping 0, AuthenticAMD | CPU-only",experiments\runs\yolo26n_source\weights\best.pt,Phase 4 zero-shot eval (zero-shot) on czech
2026-09-10T22:01:18,yolo26_source_eval_on_norway,4,yolo26n,8d3939078f40,norway,all,42,,,,8161,0.0554,0.0216,0.096,0.0397,0.08,0.006,0.4072,0.0789,0.1322,,,2505360,0,,2249.2,"AMD64 Family 25 Model 80 Stepping 0, AuthenticAMD | CPU-only",experiments\runs\yolo26n_source\weights\best.pt,Phase 4 zero-shot eval (zero-shot) on norway
2026-09-10T22:11:34,yolo26_source_eval_on_us,4,yolo26n,8d3939078f40,us,all,42,,,,4805,0.4013,0.1946,0.547,0.435,0.4937,0.1294,0.6134,0.4351,0.5091,,,2505360,0,,615.5,"AMD64 Family 25 Model 80 Stepping 0, AuthenticAMD | CPU-only",experiments\runs\yolo26n_source\weights\best.pt,Phase 4 zero-shot eval (zero-shot) on us
2026-09-10T22:15:20,yolo26_source_eval_on_china_motorbike,4,yolo26n,8d3939078f40,china_motorbike,all,42,,,,1977,0.1952,0.0707,0.1206,0.2676,0.367,0.0255,0.4201,0.1441,0.2146,,,2505360,0,,225.0,"AMD64 Family 25 Model 80 Stepping 0, AuthenticAMD | CPU-only",experiments\runs\yolo26n_source\weights\best.pt,Phase 4 zero-shot eval (zero-shot) on china_motorbike
2026-09-11T00:33:35,yolov8n_ca_smoke,3b-smoke,yolov8n_ca,e9109dfaef9b,source_subset,test,42,2,640,16,100,0.0073,0.0024,0.0,0.0,0.0291,0.0,0.0,0.0,0.0,56.94,17.56,3018308,0,233.2,9.18,"AMD64 Family 25 Model 80 Stepping 0, AuthenticAMD | CPU-only",experiments\runs\yolov8n_ca_smoke\weights\best.pt,PIPELINE SMOKE TEST - not a reportable result
2026-09-21T06:47:25,yolov8n_ca_source,3b,yolov8n_ca,d1896d8a6790,source,test,42,100,640,16,2732,0.4801,0.2092,0.4073,0.4121,0.6468,0.4543,0.6165,0.4626,0.5286,15.09,66.26,3018308,0,4449.6,31.55,x86_64 | CUDA:Tesla T4,experiments/runs/yolov8n_ca_source/weights/best.pt,Phase 3b: YOLOv8n + Coordinate Attention (single insertion, end of backbone)
2026-09-24T17:54:12,yolo_ca_source_eval_on_source,4-smoke,yolov8n_ca,d1896d8a6790,source,test,42,,,,30,0.3964,0.1894,0.4111,0.0,0.8214,0.3529,0.5833,0.3333,0.4242,,,3018308,0,,5.6,"AMD64 Family 25 Model 80 Stepping 0, AuthenticAMD | CPU-only",experiments\runs\yolov8n_ca_source\weights\best.pt,PIPELINE SMOKE TEST - not a reportable result
2026-09-24T17:54:15,yolo_ca_source_eval_on_czech,4-smoke,yolov8n_ca,d1896d8a6790,czech,all,42,,,,30,0.1523,0.0487,0.1778,0.1697,0.0118,0.25,0.1667,0.0833,0.1111,,,3018308,0,,3.0,"AMD64 Family 25 Model 80 Stepping 0, AuthenticAMD | CPU-only",experiments\runs\yolov8n_ca_source\weights\best.pt,PIPELINE SMOKE TEST - not a reportable result
2026-09-24T17:54:21,yolo_ca_source_eval_on_norway,4-smoke,yolov8n_ca,d1896d8a6790,norway,all,42,,,,30,0.1003,0.0636,0.0153,0.0,0.3857,0.0002,0.375,0.0435,0.0779,,,3018308,0,,6.0,"AMD64 Family 25 Model 80 Stepping 0, AuthenticAMD | CPU-only",experiments\runs\yolov8n_ca_source\weights\best.pt,PIPELINE SMOKE TEST - not a reportable result
2026-09-24T17:54:24,yolo_ca_source_eval_on_us,4-smoke,yolov8n_ca,d1896d8a6790,us,all,42,,,,30,0.6435,0.3781,0.6863,0.4634,0.781,0.0,0.4773,0.5833,0.525,,,3018308,0,,3.4,"AMD64 Family 25 Model 80 Stepping 0, AuthenticAMD | CPU-only",experiments\runs\yolov8n_ca_source\weights\best.pt,PIPELINE SMOKE TEST - not a reportable result
2026-09-24T17:54:28,yolo_ca_source_eval_on_china_motorbike,4-smoke,yolov8n_ca,d1896d8a6790,china_motorbike,all,42,,,,30,0.1422,0.0391,0.0576,0.1762,0.3143,0.0206,0.2963,0.1081,0.1584,,,3018308,0,,3.1,"AMD64 Family 25 Model 80 Stepping 0, AuthenticAMD | CPU-only",experiments\runs\yolov8n_ca_source\weights\best.pt,PIPELINE SMOKE TEST - not a reportable result
2026-09-24T17:58:51,yolo_ca_source_eval_on_source,4,yolov8n_ca,d1896d8a6790,source,test,42,,,,2732,0.4801,0.2092,0.4073,0.4121,0.6468,0.4543,0.6165,0.4626,0.5286,,,3018308,0,,254.7,"AMD64 Family 25 Model 80 Stepping 0, AuthenticAMD | CPU-only",experiments\runs\yolov8n_ca_source\weights\best.pt,Phase 4 zero-shot eval (in-domain) on source
